game,setCode,cardId,cardNumber,name,rarity,condition,sellPriceJpy,buyPriceJpy,buyPriceBaseJpy,buyPriceBoosted,spreadJpy,stock,availability,imageUrl,url,scrapedAt
ws,osk3.0,10247,OSK/S133-001SSP,Merry Christmas 有馬かな(サイン入り),,near_mint,29800,20000,,False,9800,,In Stock,https://cdn.yuyu-tei.jp/images/common/btn-icon/star.svg,https://yuyu-tei.jp/sell/ws/card/osk3.0/10247,2026-09-16T18:22:32.771920+00:00
ws,osk3.0,10248,OSK/S133-002SSP,Happy Spring Day MEMちょ(サイン入り),,near_mint,12800,7000,,False,5800,,In Stock,https://cdn.yuyu-tei.jp/images/common/btn-icon/star.svg,https://yuyu-tei.jp/sell/ws/card/osk3.0/10248,2026-09-16T18:22:32.771941+00:00
ws,osk3.0,10249,OSK/S133-028SSP,Happy White Day アクア(サイン入り),,near_mint,5980,3200,,False,2780,,In Stock,https://cdn.yuyu-tei.jp/images/common/btn-icon/star.svg,https://yuyu-tei.jp/sell/ws/card/osk3.0/10249,2026-09-16T18:22:32.771948+00:00
ws,osk3.0,10250,OSK/S133-029SSP,Happy New Year アイ(サイン入り),,near_mint,29800,20000,,False,9800,,In Stock,https://cdn.yuyu-tei.jp/images/common/btn-icon/star.svg,https://yuyu-tei.jp/sell/ws/card/osk3.0/10250,2026-09-16T18:22:32.771953+00:00
ws,osk3.0,10251,OSK/S133-030SSP,Happy Summer ルビー(サイン入り),,near_mint,24800,15000,,False,9800,,In Stock,https://cdn.yuyu-tei.jp/images/common/btn-icon/star.svg,https://yuyu-tei.jp/sell/ws/card/osk3.0/10251,2026-09-16T18:22:32.771958+00:00
ws,osk3.0,10252,OSK/S133-064SSP,Happy Halloween 黒川あかね(サイン入り),,near_mint,39800,32000,,False,7800,,In Stock,https://cdn.yuyu-tei.jp/images/common/btn-icon/star.svg,https://yuyu-tei.jp/sell/ws/card/osk3.0/10252,2026-09-16T18:22:32.771963+00:00
ws,osk3.0,10235,OSK/S133-003SP,継続的なバズ MEMちょ(サイン入り),,near_mint,2980,2000,,False,980,,In Stock,https://cdn.yuyu-tei.jp/images/common/btn-icon/star.svg,https://yuyu-tei.jp/sell/ws/card/osk3.0/10235,2026-09-16T18:22:32.771967+00:00
ws,osk3.0,10236,OSK/S133-004SP,夢に向かって ルビー(サイン入り),,near_mint,3480,2200,,False,1280,,In Stock,https://cdn.yuyu-tei.jp/images/common/btn-icon/star.svg,https://yuyu-tei.jp/sell/ws/card/osk3.0/10236,2026-09-16T18:22:32.771971+00:00
ws,osk3.0,10237,OSK/S133-005SP,私の生きる道 有馬かな(サイン入り),,near_mint,5980,3200,,False,2780,,In Stock,https://cdn.yuyu-tei.jp/images/common/btn-icon/star.svg,https://yuyu-tei.jp/sell/ws/card/osk3.0/10237,2026-09-16T18:22:32.771975+00:00
ws,osk3.0,10238,OSK/S133-006SP,バーンして！ MEMちょ(サイン入り),,near_mint,2980,2000,,False,980,,In Stock,https://cdn.yuyu-tei.jp/images/common/btn-icon/star.svg,https://yuyu-tei.jp/sell/ws/card/osk3.0/10238,2026-09-16T18:22:32.771978+00:00
ws,osk3.0,10239,OSK/S133-007SP,暑いわね… 有馬かな(サイン入り),,near_mint,3980,1600,,False,2380,,In Stock,https://cdn.yuyu-tei.jp/images/common/btn-icon/star.svg,https://yuyu-tei.jp/sell/ws/card/osk3.0/10239,2026-09-16T18:22:32.771982+00:00
ws,osk3.0,10240,OSK/S133-031SP,伝説のアイドル アイ(サイン入り),,near_mint,6980,3500,,False,3480,,In Stock,https://cdn.yuyu-tei.jp/images/common/btn-icon/star.svg,https://yuyu-tei.jp/sell/ws/card/osk3.0/10240,2026-09-16T18:22:32.771987+00:00
ws,osk3.0,10241,OSK/S133-032SP,見失った復讐心 アクア(サイン入り),,near_mint,1480,700,,False,780,,In Stock,https://cdn.yuyu-tei.jp/images/common/btn-icon/star.svg,https://yuyu-tei.jp/sell/ws/card/osk3.0/10241,2026-09-16T18:22:32.771992+00:00
ws,osk3.0,10242,OSK/S133-035SP,サマーライブ アイ(サイン入り),,near_mint,4980,3000,,False,1980,,In Stock,https://cdn.yuyu-tei.jp/images/common/btn-icon/star.svg,https://yuyu-tei.jp/sell/ws/card/osk3.0/10242,2026-09-16T18:22:32.771995+00:00
ws,osk3.0,10243,OSK/S133-036SP,クールに輝く3つの光 アクア(サイン入り),,near_mint,1780,800,,False,980,,In Stock,https://cdn.yuyu-tei.jp/images/common/btn-icon/star.svg,https://yuyu-tei.jp/sell/ws/card/osk3.0/10243,2026-09-16T18:22:32.771999+00:00
ws,osk3.0,10244,OSK/S133-037SP,芽生えた復讐心 ルビー(サイン入り),,near_mint,4980,3000,,False,1980,,In Stock,https://cdn.yuyu-tei.jp/images/common/btn-icon/star.svg,https://yuyu-tei.jp/sell/ws/card/osk3.0/10244,2026-09-16T18:22:32.772002+00:00
ws,osk3.0,10245,OSK/S133-065SP,幸せなワンショット 黒川あかね(サイン入り),,near_mint,6980,3500,,False,3480,,In Stock,https://cdn.yuyu-tei.jp/images/common/btn-icon/star.svg,https://yuyu-tei.jp/sell/ws/card/osk3.0/10245,2026-09-16T18:22:32.772006+00:00
ws,osk3.0,10246,OSK/S133-067SP,人気女優 黒川あかね(サイン入り),,near_mint,5980,3200,,False,2780,,In Stock,https://cdn.yuyu-tei.jp/images/common/btn-icon/star.svg,https://yuyu-tei.jp/sell/ws/card/osk3.0/10246,2026-09-16T18:22:32.772009+00:00
ws,osk3.0,10223,OSK/S133-023R,思わせぶりな行為(箔押し入り),,near_mint,780,300,,False,480,,In Stock,https://cdn.yuyu-tei.jp/images/common/btn-icon/star.svg,https://yuyu-tei.jp/sell/ws/card/osk3.0/10223,2026-09-16T18:22:32.772012+00:00
ws,osk3.0,10224,OSK/S133-024R,友達のために出来る事(箔押し入り),,near_mint,320,100,,False,220,,In Stock,https://cdn.yuyu-tei.jp/images/common/btn-icon/star.svg,https://yuyu-tei.jp/sell/ws/card/osk3.0/10224,2026-09-16T18:22:32.772016+00:00
ws,osk3.0,10225,OSK/S133-025R,振り払われた手(箔押し入り),,near_mint,420,100,,False,320,,In Stock,https://cdn.yuyu-tei.jp/images/common/btn-icon/star.svg,https://yuyu-tei.jp/sell/ws/card/osk3.0/10225,2026-09-16T18:22:32.772019+00:00
ws,osk3.0,10226,OSK/S133-026R,涙の意味(箔押し入り),,near_mint,220,10,,False,210,,In Stock,https://cdn.yuyu-tei.jp/images/common/btn-icon/star.svg,https://yuyu-tei.jp/sell/ws/card/osk3.0/10226,2026-09-16T18:22:32.772023+00:00
ws,osk3.0,10227,OSK/S133-057R,再び堕つ星(箔押し入り),,near_mint,500,200,,False,300,,In Stock,https://cdn.yuyu-tei.jp/images/common/btn-icon/star.svg,https://yuyu-tei.jp/sell/ws/card/osk3.0/10227,2026-09-16T18:22:32.772027+00:00
ws,osk3.0,10228,OSK/S133-058R,嘘吐きルビー(箔押し入り),,near_mint,1780,700,,False,1080,,In Stock,https://cdn.yuyu-tei.jp/images/common/btn-icon/star.svg,https://yuyu-tei.jp/sell/ws/card/osk3.0/10228,2026-09-16T18:22:32.772031+00:00
ws,osk3.0,10229,OSK/S133-059R,なんの事？(箔押し入り),,near_mint,1480,800,,False,680,,In Stock,https://cdn.yuyu-tei.jp/images/common/btn-icon/star.svg,https://yuyu-tei.jp/sell/ws/card/osk3.0/10229,2026-09-16T18:22:32.772034+00:00
ws,osk3.0,10230,OSK/S133-060R,持ち込み企画(箔押し入り),,near_mint,780,350,,False,430,,In Stock,https://cdn.yuyu-tei.jp/images/common/btn-icon/star.svg,https://yuyu-tei.jp/sell/ws/card/osk3.0/10230,2026-09-16T18:22:32.772038+00:00
ws,osk3.0,10231,OSK/S133-097R,全てを見抜く瞳(箔押し入り),,near_mint,5980,3200,,False,2780,,In Stock,https://cdn.yuyu-tei.jp/images/common/btn-icon/star.svg,https://yuyu-tei.jp/sell/ws/card/osk3.0/10231,2026-09-16T18:22:32.772042+00:00
ws,osk3.0,10232,OSK/S133-098R,トップスター(箔押し入り),,near_mint,3480,2200,,False,1280,,In Stock,https://cdn.yuyu-tei.jp/images/common/btn-icon/star.svg,https://yuyu-tei.jp/sell/ws/card/osk3.0/10232,2026-09-16T18:22:32.772046+00:00
ws,osk3.0,10233,OSK/S133-099R,完成した計画(箔押し入り),,near_mint,320,20,,False,300,,In Stock,https://cdn.yuyu-tei.jp/images/common/btn-icon/star.svg,https://yuyu-tei.jp/sell/ws/card/osk3.0/10233,2026-09-16T18:22:32.772050+00:00
ws,osk3.0,10234,OSK/S133-100R,ざわめく感情(箔押し入り),,near_mint,500,50,,False,450,,In Stock,https://cdn.yuyu-tei.jp/images/common/btn-icon/star.svg,https://yuyu-tei.jp/sell/ws/card/osk3.0/10234,2026-09-16T18:22:32.772053+00:00
ws,osk3.0,10135,OSK/S133-001S,Merry Christmas 有馬かな(箔押し入り),,near_mint,2480,1100,,False,1380,,In Stock,https://cdn.yuyu-tei.jp/images/common/btn-icon/star.svg,https://yuyu-tei.jp/sell/ws/card/osk3.0/10135,2026-09-16T18:22:32.772057+00:00
ws,osk3.0,10136,OSK/S133-002S,Happy Spring Day MEMちょ(箔押し入り),,near_mint,680,300,,False,380,,In Stock,https://cdn.yuyu-tei.jp/images/common/btn-icon/star.svg,https://yuyu-tei.jp/sell/ws/card/osk3.0/10136,2026-09-16T18:22:32.772060+00:00
ws,osk3.0,10157,OSK/S133-027S,Happy Autumn ルビー(箔押し入り),,near_mint,500,30,,False,470,,In Stock,https://cdn.yuyu-tei.jp/images/common/btn-icon/star.svg,https://yuyu-tei.jp/sell/ws/card/osk3.0/10157,2026-09-16T18:22:32.772064+00:00
ws,osk3.0,10158,OSK/S133-028S,Happy White Day アクア(箔押し入り),,near_mint,220,,,False,,,In Stock,https://cdn.yuyu-tei.jp/images/common/btn-icon/star.svg,https://yuyu-tei.jp/sell/ws/card/osk3.0/10158,2026-09-16T18:22:32.772068+00:00
ws,osk3.0,10159,OSK/S133-029S,Happy New Year アイ(箔押し入り),,near_mint,1280,600,,False,680,,In Stock,https://cdn.yuyu-tei.jp/images/common/btn-icon/star.svg,https://yuyu-tei.jp/sell/ws/card/osk3.0/10159,2026-09-16T18:22:32.772072+00:00
ws,osk3.0,10160,OSK/S133-030S,Happy Summer ルビー(箔押し入り),,near_mint,1280,500,,False,780,,In Stock,https://cdn.yuyu-tei.jp/images/common/btn-icon/star.svg,https://yuyu-tei.jp/sell/ws/card/osk3.0/10160,2026-09-16T18:22:32.772075+00:00
ws,osk3.0,10187,OSK/S133-061S,Happy Valentines Day 黒川あかね(箔押し入り),,near_mint,9980,6000,,False,3980,,In Stock,https://cdn.yuyu-tei.jp/images/common/btn-icon/star.svg,https://yuyu-tei.jp/sell/ws/card/osk3.0/10187,2026-09-16T18:22:32.772078+00:00
ws,osk3.0,10188,OSK/S133-062S,Happy Autumn アクア(箔押し入り),,near_mint,680,250,,False,430,,In Stock,https://cdn.yuyu-tei.jp/images/common/btn-icon/star.svg,https://yuyu-tei.jp/sell/ws/card/osk3.0/10188,2026-09-16T18:22:32.772082+00:00
ws,osk3.0,10189,OSK/S133-063S,Happy Valentines Day 有馬かな(箔押し入り),,near_mint,3980,2500,,False,1480,,In Stock,https://cdn.yuyu-tei.jp/images/common/btn-icon/star.svg,https://yuyu-tei.jp/sell/ws/card/osk3.0/10189,2026-09-16T18:22:32.772085+00:00
ws,osk3.0,10190,OSK/S133-064S,Happy Halloween 黒川あかね(箔押し入り),,near_mint,2480,1500,,False,980,,In Stock,https://cdn.yuyu-tei.jp/images/common/btn-icon/star.svg,https://yuyu-tei.jp/sell/ws/card/osk3.0/10190,2026-09-16T18:22:32.772089+00:00
ws,osk3.0,10137,OSK/S133-003S,継続的なバズ MEMちょ,,near_mint,180,5,,False,175,,In Stock,https://cdn.yuyu-tei.jp/images/common/btn-icon/star.svg,https://yuyu-tei.jp/sell/ws/card/osk3.0/10137,2026-09-16T18:22:32.772092+00:00
ws,osk3.0,10138,OSK/S133-004S,夢に向かって ルビー,,near_mint,320,20,,False,300,,In Stock,https://cdn.yuyu-tei.jp/images/common/btn-icon/star.svg,https://yuyu-tei.jp/sell/ws/card/osk3.0/10138,2026-09-16T18:22:32.772095+00:00
ws,osk3.0,10139,OSK/S133-005S,私の生きる道 有馬かな,,near_mint,320,5,,False,315,,In Stock,https://cdn.yuyu-tei.jp/images/common/btn-icon/star.svg,https://yuyu-tei.jp/sell/ws/card/osk3.0/10139,2026-09-16T18:22:32.772099+00:00
ws,osk3.0,10140,OSK/S133-006S,バーンして！ MEMちょ,,near_mint,120,,,False,,,In Stock,https://cdn.yuyu-tei.jp/images/common/btn-icon/star.svg,https://yuyu-tei.jp/sell/ws/card/osk3.0/10140,2026-09-16T18:22:32.772104+00:00
ws,osk3.0,10141,OSK/S133-007S,暑いわね… 有馬かな,,near_mint,180,,,False,,,In Stock,https://cdn.yuyu-tei.jp/images/common/btn-icon/star.svg,https://yuyu-tei.jp/sell/ws/card/osk3.0/10141,2026-09-16T18:22:32.772107+00:00
ws,osk3.0,10161,OSK/S133-031S,伝説のアイドル アイ,,near_mint,120,,,False,,,In Stock,https://cdn.yuyu-tei.jp/images/common/btn-icon/star.svg,https://yuyu-tei.jp/sell/ws/card/osk3.0/10161,2026-09-16T18:22:32.772111+00:00
ws,osk3.0,10162,OSK/S133-032S,見失った復讐心 アクア,,near_mint,120,,,False,,,In Stock,https://cdn.yuyu-tei.jp/images/common/btn-icon/star.svg,https://yuyu-tei.jp/sell/ws/card/osk3.0/10162,2026-09-16T18:22:32.772114+00:00
ws,osk3.0,10163,OSK/S133-033S,あの時の言葉 ルビー,,near_mint,220,10,,False,210,,In Stock,https://cdn.yuyu-tei.jp/images/common/btn-icon/star.svg,https://yuyu-tei.jp/sell/ws/card/osk3.0/10163,2026-09-16T18:22:32.772118+00:00
ws,osk3.0,10164,OSK/S133-034S,必要な事 アクア,,near_mint,180,2,,False,178,,In Stock,https://cdn.yuyu-tei.jp/images/common/btn-icon/star.svg,https://yuyu-tei.jp/sell/ws/card/osk3.0/10164,2026-09-16T18:22:32.772121+00:00
ws,osk3.0,10165,OSK/S133-035S,サマーライブ アイ,,near_mint,220,5,,False,215,,In Stock,https://cdn.yuyu-tei.jp/images/common/btn-icon/star.svg,https://yuyu-tei.jp/sell/ws/card/osk3.0/10165,2026-09-16T18:22:32.772124+00:00
ws,osk3.0,10166,OSK/S133-036S,クールに輝く3つの光 アクア,,near_mint,120,,,False,,,In Stock,https://cdn.yuyu-tei.jp/images/common/btn-icon/star.svg,https://yuyu-tei.jp/sell/ws/card/osk3.0/10166,2026-09-16T18:22:32.772128+00:00
ws,osk3.0,10167,OSK/S133-037S,芽生えた復讐心 ルビー,,near_mint,320,20,,False,300,,In Stock,https://cdn.yuyu-tei.jp/images/common/btn-icon/star.svg,https://yuyu-tei.jp/sell/ws/card/osk3.0/10167,2026-09-16T18:22:32.772131+00:00
ws,osk3.0,10191,OSK/S133-065S,幸せなワンショット 黒川あかね,,near_mint,180,5,,False,175,,In Stock,https://cdn.yuyu-tei.jp/images/common/btn-icon/star.svg,https://yuyu-tei.jp/sell/ws/card/osk3.0/10191,2026-09-16T18:22:32.772134+00:00
ws,osk3.0,10192,OSK/S133-066S,主演の行方 アクア,,near_mint,320,10,,False,310,,In Stock,https://cdn.yuyu-tei.jp/images/common/btn-icon/star.svg,https://yuyu-tei.jp/sell/ws/card/osk3.0/10192,2026-09-16T18:22:32.772138+00:00
ws,osk3.0,10193,OSK/S133-067S,人気女優 黒川あかね,,near_mint,780,250,,False,530,,In Stock,https://cdn.yuyu-tei.jp/images/common/btn-icon/star.svg,https://yuyu-tei.jp/sell/ws/card/osk3.0/10193,2026-09-16T18:22:32.772141+00:00
ws,osk3.0,10194,OSK/S133-068S,外連味ある演技 不知火フリル,,near_mint,780,300,,False,480,,In Stock,https://cdn.yuyu-tei.jp/images/common/btn-icon/star.svg,https://yuyu-tei.jp/sell/ws/card/osk3.0/10194,2026-09-16T18:22:32.772144+00:00
ws,osk3.0,10195,OSK/S133-069S,積み重ねた研究 黒川あかね,,near_mint,220,10,,False,210,,In Stock,https://cdn.yuyu-tei.jp/images/common/btn-icon/star.svg,https://yuyu-tei.jp/sell/ws/card/osk3.0/10195,2026-09-16T18:22:32.772147+00:00
ws,osk3.0,10196,OSK/S133-070S,"""嘘""の再現 黒川あかね",,near_mint,320,10,,False,310,,In Stock,https://cdn.yuyu-tei.jp/images/common/btn-icon/star.svg,https://yuyu-tei.jp/sell/ws/card/osk3.0/10196,2026-09-16T18:22:32.772151+00:00
ws,osk3.0,10197,OSK/S133-071S,出演交渉 アクア,,near_mint,180,5,,False,175,,In Stock,https://cdn.yuyu-tei.jp/images/common/btn-icon/star.svg,https://yuyu-tei.jp/sell/ws/card/osk3.0/10197,2026-09-16T18:22:32.772155+00:00
ws,osk3.0,10198,OSK/S133-072S,トップスターの悩み 不知火フリル,,near_mint,320,100,,False,220,,In Stock,https://cdn.yuyu-tei.jp/images/common/btn-icon/star.svg,https://yuyu-tei.jp/sell/ws/card/osk3.0/10198,2026-09-16T18:22:32.772158+00:00
ws,osk3.0,10221,OSK/S133-095S,個人間オーディション,,near_mint,780,200,,False,580,,In Stock,https://cdn.yuyu-tei.jp/images/common/btn-icon/star.svg,https://yuyu-tei.jp/sell/ws/card/osk3.0/10221,2026-09-16T18:22:32.772161+00:00
ws,osk3.0,10222,OSK/S133-096S,スキャンダル,,near_mint,120,,,False,,,In Stock,https://cdn.yuyu-tei.jp/images/common/btn-icon/star.svg,https://yuyu-tei.jp/sell/ws/card/osk3.0/10222,2026-09-16T18:22:32.772165+00:00
ws,osk3.0,10142,OSK/S133-008S,雨夜のすれ違い 有馬かな,,near_mint,120,,,False,,,In Stock,https://cdn.yuyu-tei.jp/images/common/btn-icon/star.svg,https://yuyu-tei.jp/sell/ws/card/osk3.0/10142,2026-09-16T18:22:32.772168+00:00
ws,osk3.0,10143,OSK/S133-009S,番組AD 吉住シュン,,near_mint,80,,,False,,,In Stock,https://cdn.yuyu-tei.jp/images/common/btn-icon/star.svg,https://yuyu-tei.jp/sell/ws/card/osk3.0/10143,2026-09-16T18:22:32.772171+00:00
ws,osk3.0,10144,OSK/S133-010S,突然の取材 有馬かな,,near_mint,120,,,False,,,In Stock,https://cdn.yuyu-tei.jp/images/common/btn-icon/star.svg,https://yuyu-tei.jp/sell/ws/card/osk3.0/10144,2026-09-16T18:22:32.772174+00:00
ws,osk3.0,10145,OSK/S133-011S,Bのリベンジ MEMちょ,,near_mint,180,5,,False,175,,In Stock,https://cdn.yuyu-tei.jp/images/common/btn-icon/star.svg,https://yuyu-tei.jp/sell/ws/card/osk3.0/10145,2026-09-16T18:22:32.772178+00:00
ws,osk3.0,10146,OSK/S133-012S,Bのリベンジ ルビー,,near_mint,120,2,,False,118,,In Stock,https://cdn.yuyu-tei.jp/images/common/btn-icon/star.svg,https://yuyu-tei.jp/sell/ws/card/osk3.0/10146,2026-09-16T18:22:32.772181+00:00
ws,osk3.0,10147,OSK/S133-013S,"""合理的じゃない""MEMちょ",,near_mint,120,3,,False,117,,In Stock,https://cdn.yuyu-tei.jp/images/common/btn-icon/star.svg,https://yuyu-tei.jp/sell/ws/card/osk3.0/10147,2026-09-16T18:22:32.772184+00:00
ws,osk3.0,10148,OSK/S133-014S,激バズシャッターチャンス！ MEMちょ,,near_mint,120,2,,False,118,,In Stock,https://cdn.yuyu-tei.jp/images/common/btn-icon/star.svg,https://yuyu-tei.jp/sell/ws/card/osk3.0/10148,2026-09-16T18:22:32.772188+00:00
ws,osk3.0,10149,OSK/S133-015S,コスプレイヤー 吉住未実,,near_mint,120,,,False,,,In Stock,https://cdn.yuyu-tei.jp/images/common/btn-icon/star.svg,https://yuyu-tei.jp/sell/ws/card/osk3.0/10149,2026-09-16T18:22:32.772191+00:00
ws,osk3.0,10150,OSK/S133-016S,夜明けに見せた隙 有馬かな,,near_mint,80,,,False,,,In Stock,https://cdn.yuyu-tei.jp/images/common/btn-icon/star.svg,https://yuyu-tei.jp/sell/ws/card/osk3.0/10150,2026-09-16T18:22:32.772194+00:00
ws,osk3.0,10151,OSK/S133-017S,いたたまれない状況 MEMちょ,,near_mint,180,5,,False,175,,In Stock,https://cdn.yuyu-tei.jp/images/common/btn-icon/star.svg,https://yuyu-tei.jp/sell/ws/card/osk3.0/10151,2026-09-16T18:22:32.772197+00:00
ws,osk3.0,10152,OSK/S133-018S,軌道に乗った配信活動 MEMちょ,,near_mint,120,,,False,,,In Stock,https://cdn.yuyu-tei.jp/images/common/btn-icon/star.svg,https://yuyu-tei.jp/sell/ws/card/osk3.0/10152,2026-09-16T18:22:32.772201+00:00
ws,osk3.0,10153,OSK/S133-019S,コスプレイヤー メイヤ,,near_mint,80,,,False,,,In Stock,https://cdn.yuyu-tei.jp/images/common/btn-icon/star.svg,https://yuyu-tei.jp/sell/ws/card/osk3.0/10153,2026-09-16T18:22:32.772204+00:00
ws,osk3.0,10154,OSK/S133-020S,Bのリベンジ 有馬かな,,near_mint,120,,,False,,,In Stock,https://cdn.yuyu-tei.jp/images/common/btn-icon/star.svg,https://yuyu-tei.jp/sell/ws/card/osk3.0/10154,2026-09-16T18:22:32.772207+00:00
ws,osk3.0,10155,OSK/S133-021S,忘れられないアイツ 有馬かな,,near_mint,120,,,False,,,In Stock,https://cdn.yuyu-tei.jp/images/common/btn-icon/star.svg,https://yuyu-tei.jp/sell/ws/card/osk3.0/10155,2026-09-16T18:22:32.772210+00:00
ws,osk3.0,10156,OSK/S133-022S,Bのリベンジ,,near_mint,120,2,,False,118,,In Stock,https://cdn.yuyu-tei.jp/images/common/btn-icon/star.svg,https://yuyu-tei.jp/sell/ws/card/osk3.0/10156,2026-09-16T18:22:32.772214+00:00
ws,osk3.0,10168,OSK/S133-038S,出演交渉 ルビー,,near_mint,220,5,,False,215,,In Stock,https://cdn.yuyu-tei.jp/images/common/btn-icon/star.svg,https://yuyu-tei.jp/sell/ws/card/osk3.0/10168,2026-09-16T18:22:32.772217+00:00
ws,osk3.0,10169,OSK/S133-039S,"""誰もが皆嘘をついている""ルビー",,near_mint,120,2,,False,118,,In Stock,https://cdn.yuyu-tei.jp/images/common/btn-icon/star.svg,https://yuyu-tei.jp/sell/ws/card/osk3.0/10169,2026-09-16T18:22:32.772220+00:00
ws,osk3.0,10170,OSK/S133-040S,最悪のバーター記事 アクア,,near_mint,80,,,False,,,In Stock,https://cdn.yuyu-tei.jp/images/common/btn-icon/star.svg,https://yuyu-tei.jp/sell/ws/card/osk3.0/10170,2026-09-16T18:22:32.772224+00:00
ws,osk3.0,10171,OSK/S133-041S,にゃーごろごろにゃー ルビー,,near_mint,180,10,,False,170,,In Stock,https://cdn.yuyu-tei.jp/images/common/btn-icon/star.svg,https://yuyu-tei.jp/sell/ws/card/osk3.0/10171,2026-09-16T18:22:32.772227+00:00
ws,osk3.0,10172,OSK/S133-042S,動画撮影 ルビー,,near_mint,120,2,,False,118,,In Stock,https://cdn.yuyu-tei.jp/images/common/btn-icon/star.svg,https://yuyu-tei.jp/sell/ws/card/osk3.0/10172,2026-09-16T18:22:32.772230+00:00
ws,osk3.0,10173,OSK/S133-043S,私達の夢 ルビー,,near_mint,220,10,,False,210,,In Stock,https://cdn.yuyu-tei.jp/images/common/btn-icon/star.svg,https://yuyu-tei.jp/sell/ws/card/osk3.0/10173,2026-09-16T18:22:32.772234+00:00
ws,osk3.0,10174,OSK/S133-044S,再会 ルビー,,near_mint,120,5,,False,115,,In Stock,https://cdn.yuyu-tei.jp/images/common/btn-icon/star.svg,https://yuyu-tei.jp/sell/ws/card/osk3.0/10174,2026-09-16T18:22:32.772237+00:00
ws,osk3.0,10175,OSK/S133-045S,夕暮れの作戦会議 斉藤壱護,,near_mint,120,,,False,,,In Stock,https://cdn.yuyu-tei.jp/images/common/btn-icon/star.svg,https://yuyu-tei.jp/sell/ws/card/osk3.0/10175,2026-09-16T18:22:32.772241+00:00
ws,osk3.0,10176,OSK/S133-046S,望ましい事 ツクヨミ,,near_mint,120,,,False,,,In Stock,https://cdn.yuyu-tei.jp/images/common/btn-icon/star.svg,https://yuyu-tei.jp/sell/ws/card/osk3.0/10176,2026-09-16T18:22:32.772244+00:00
ws,osk3.0,10177,OSK/S133-047S,モデル撮影 ルビー,,near_mint,120,2,,False,118,,In Stock,https://cdn.yuyu-tei.jp/images/common/btn-icon/star.svg,https://yuyu-tei.jp/sell/ws/card/osk3.0/10177,2026-09-16T18:22:32.772278+00:00
ws,osk3.0,10178,OSK/S133-048S,スケジュール調整 斉藤ミヤコ,,near_mint,80,,,False,,,In Stock,https://cdn.yuyu-tei.jp/images/common/btn-icon/star.svg,https://yuyu-tei.jp/sell/ws/card/osk3.0/10178,2026-09-16T18:22:32.772282+00:00
ws,osk3.0,10179,OSK/S133-049S,深掘れ☆ワンチャン‼ ルビー,,near_mint,120,2,,False,118,,In Stock,https://cdn.yuyu-tei.jp/images/common/btn-icon/star.svg,https://yuyu-tei.jp/sell/ws/card/osk3.0/10179,2026-09-16T18:22:32.772285+00:00
ws,osk3.0,10180,OSK/S133-050S,仲直り アクア＆ルビー,,near_mint,320,100,,False,220,,In Stock,https://cdn.yuyu-tei.jp/images/common/btn-icon/star.svg,https://yuyu-tei.jp/sell/ws/card/osk3.0/10180,2026-09-16T18:22:32.772289+00:00
ws,osk3.0,10181,OSK/S133-051S,凶星 カミキヒカル,,near_mint,120,,,False,,,In Stock,https://cdn.yuyu-tei.jp/images/common/btn-icon/star.svg,https://yuyu-tei.jp/sell/ws/card/osk3.0/10181,2026-09-16T18:22:32.772292+00:00
ws,osk3.0,10182,OSK/S133-052S,全部分かった ルビー,,near_mint,120,2,,False,118,,In Stock,https://cdn.yuyu-tei.jp/images/common/btn-icon/star.svg,https://yuyu-tei.jp/sell/ws/card/osk3.0/10182,2026-09-16T18:22:32.772295+00:00
ws,osk3.0,10183,OSK/S133-053S,ブラック事務所！ ルビー,,near_mint,120,,,False,,,In Stock,https://cdn.yuyu-tei.jp/images/common/btn-icon/star.svg,https://yuyu-tei.jp/sell/ws/card/osk3.0/10183,2026-09-16T18:22:32.772298+00:00
ws,osk3.0,10184,OSK/S133-054S,再会 アクア,,near_mint,120,,,False,,,In Stock,https://cdn.yuyu-tei.jp/images/common/btn-icon/star.svg,https://yuyu-tei.jp/sell/ws/card/osk3.0/10184,2026-09-16T18:22:32.772302+00:00
ws,osk3.0,10185,OSK/S133-055S,"""君を推す""アクア",,near_mint,80,,,False,,,In Stock,https://cdn.yuyu-tei.jp/images/common/btn-icon/star.svg,https://yuyu-tei.jp/sell/ws/card/osk3.0/10185,2026-09-16T18:22:32.772305+00:00
ws,osk3.0,10186,OSK/S133-056S,暴かれた過去,,near_mint,220,50,,False,170,,In Stock,https://cdn.yuyu-tei.jp/images/common/btn-icon/star.svg,https://yuyu-tei.jp/sell/ws/card/osk3.0/10186,2026-09-16T18:22:32.772308+00:00
ws,osk3.0,10199,OSK/S133-073S,交差する思惑 黒川あかね,,near_mint,120,,,False,,,In Stock,https://cdn.yuyu-tei.jp/images/common/btn-icon/star.svg,https://yuyu-tei.jp/sell/ws/card/osk3.0/10199,2026-09-16T18:22:32.772312+00:00
ws,osk3.0,10200,OSK/S133-074S,気まずい状況 黒川あかね,,near_mint,220,20,,False,200,,In Stock,https://cdn.yuyu-tei.jp/images/common/btn-icon/star.svg,https://yuyu-tei.jp/sell/ws/card/osk3.0/10200,2026-09-16T18:22:32.772315+00:00
ws,osk3.0,10201,OSK/S133-075S,もう1回！ ルビー,,near_mint,180,10,,False,170,,In Stock,https://cdn.yuyu-tei.jp/images/common/btn-icon/star.svg,https://yuyu-tei.jp/sell/ws/card/osk3.0/10201,2026-09-16T18:22:32.772318+00:00
ws,osk3.0,10202,OSK/S133-076S,これから選ぶ道 アクア,,near_mint,120,,,False,,,In Stock,https://cdn.yuyu-tei.jp/images/common/btn-icon/star.svg,https://yuyu-tei.jp/sell/ws/card/osk3.0/10202,2026-09-16T18:22:32.772321+00:00
ws,osk3.0,10203,OSK/S133-077S,決裂 黒川あかね,,near_mint,120,,,False,,,In Stock,https://cdn.yuyu-tei.jp/images/common/btn-icon/star.svg,https://yuyu-tei.jp/sell/ws/card/osk3.0/10203,2026-09-16T18:22:32.772325+00:00
ws,osk3.0,10204,OSK/S133-078S,推せる内に 有馬かな,,near_mint,120,,,False,,,In Stock,https://cdn.yuyu-tei.jp/images/common/btn-icon/star.svg,https://yuyu-tei.jp/sell/ws/card/osk3.0/10204,2026-09-16T18:22:32.772328+00:00
ws,osk3.0,10205,OSK/S133-079S,作品への情熱 五反田泰志,,near_mint,180,10,,False,170,,In Stock,https://cdn.yuyu-tei.jp/images/common/btn-icon/star.svg,https://yuyu-tei.jp/sell/ws/card/osk3.0/10205,2026-09-16T18:22:32.772331+00:00
ws,osk3.0,10206,OSK/S133-080S,CM撮影 黒川あかね,,near_mint,120,,,False,,,In Stock,https://cdn.yuyu-tei.jp/images/common/btn-icon/star.svg,https://yuyu-tei.jp/sell/ws/card/osk3.0/10206,2026-09-16T18:22:32.772334+00:00
ws,osk3.0,10207,OSK/S133-081S,白の花束と 黒川あかね,,near_mint,180,3,,False,177,,In Stock,https://cdn.yuyu-tei.jp/images/common/btn-icon/star.svg,https://yuyu-tei.jp/sell/ws/card/osk3.0/10207,2026-09-16T18:22:32.772338+00:00
ws,osk3.0,10208,OSK/S133-082S,隠してきた激情 ルビー,,near_mint,420,150,,False,270,,In Stock,https://cdn.yuyu-tei.jp/images/common/btn-icon/star.svg,https://yuyu-tei.jp/sell/ws/card/osk3.0/10208,2026-09-16T18:22:32.772341+00:00
ws,osk3.0,10209,OSK/S133-083S,オーディションの目的 不知火フリル,,near_mint,120,,,False,,,In Stock,https://cdn.yuyu-tei.jp/images/common/btn-icon/star.svg,https://yuyu-tei.jp/sell/ws/card/osk3.0/10209,2026-09-16T18:22:32.772344+00:00
ws,osk3.0,10210,OSK/S133-084S,浮かんだ疑念 アクア,,near_mint,80,,,False,,,In Stock,https://cdn.yuyu-tei.jp/images/common/btn-icon/star.svg,https://yuyu-tei.jp/sell/ws/card/osk3.0/10210,2026-09-16T18:22:32.772348+00:00
ws,osk3.0,10211,OSK/S133-085S,CM撮影 有馬かな,,near_mint,120,,,False,,,In Stock,https://cdn.yuyu-tei.jp/images/common/btn-icon/star.svg,https://yuyu-tei.jp/sell/ws/card/osk3.0/10211,2026-09-16T18:22:32.772351+00:00
ws,osk3.0,10212,OSK/S133-086S,静かな怒り 不知火フリル,,near_mint,80,,,False,,,In Stock,https://cdn.yuyu-tei.jp/images/common/btn-icon/star.svg,https://yuyu-tei.jp/sell/ws/card/osk3.0/10212,2026-09-16T18:22:32.772355+00:00
ws,osk3.0,10213,OSK/S133-087S,同級生 寿みなみ,,near_mint,120,,,False,,,In Stock,https://cdn.yuyu-tei.jp/images/common/btn-icon/star.svg,https://yuyu-tei.jp/sell/ws/card/osk3.0/10213,2026-09-16T18:22:32.772358+00:00
ws,osk3.0,10214,OSK/S133-088S,15年の嘘 アクア,,near_mint,120,,,False,,,In Stock,https://cdn.yuyu-tei.jp/images/common/btn-icon/star.svg,https://yuyu-tei.jp/sell/ws/card/osk3.0/10214,2026-09-16T18:22:32.772361+00:00
ws,osk3.0,10215,OSK/S133-089S,マルチタレント アクア,,near_mint,220,10,,False,210,,In Stock,https://cdn.yuyu-tei.jp/images/common/btn-icon/star.svg,https://yuyu-tei.jp/sell/ws/card/osk3.0/10215,2026-09-16T18:22:32.772364+00:00
ws,osk3.0,10216,OSK/S133-090S,相合傘 黒川あかね,,near_mint,80,,,False,,,In Stock,https://cdn.yuyu-tei.jp/images/common/btn-icon/star.svg,https://yuyu-tei.jp/sell/ws/card/osk3.0/10216,2026-09-16T18:22:32.772368+00:00
ws,osk3.0,10217,OSK/S133-091S,夜半の決意 有馬かな,,near_mint,120,,,False,,,In Stock,https://cdn.yuyu-tei.jp/images/common/btn-icon/star.svg,https://yuyu-tei.jp/sell/ws/card/osk3.0/10217,2026-09-16T18:22:32.772371+00:00
ws,osk3.0,10218,OSK/S133-092S,新人俳優賞 黒川あかね,,near_mint,220,10,,False,210,,In Stock,https://cdn.yuyu-tei.jp/images/common/btn-icon/star.svg,https://yuyu-tei.jp/sell/ws/card/osk3.0/10218,2026-09-16T18:22:32.772374+00:00
ws,osk3.0,10219,OSK/S133-093S,決裂 アクア,,near_mint,80,,,False,,,In Stock,https://cdn.yuyu-tei.jp/images/common/btn-icon/star.svg,https://yuyu-tei.jp/sell/ws/card/osk3.0/10219,2026-09-16T18:22:32.772378+00:00
ws,osk3.0,10220,OSK/S133-094S,久々のオフ 黒川あかね,,near_mint,120,,,False,,,In Stock,https://cdn.yuyu-tei.jp/images/common/btn-icon/star.svg,https://yuyu-tei.jp/sell/ws/card/osk3.0/10220,2026-09-16T18:22:32.772381+00:00
ws,osk3.0,10001,OSK/S133-001,Merry Christmas 有馬かな,,near_mint,680,300,,False,380,,In Stock,https://cdn.yuyu-tei.jp/images/common/btn-icon/star.svg,https://yuyu-tei.jp/sell/ws/card/osk3.0/10001,2026-09-16T18:22:32.772384+00:00
ws,osk3.0,10002,OSK/S133-002,Happy Spring Day MEMちょ,,near_mint,220,20,,False,200,,In Stock,https://cdn.yuyu-tei.jp/images/common/btn-icon/star.svg,https://yuyu-tei.jp/sell/ws/card/osk3.0/10002,2026-09-16T18:22:32.772388+00:00
ws,osk3.0,10027,OSK/S133-027,Happy Autumn ルビー,,near_mint,180,,,False,,,In Stock,https://cdn.yuyu-tei.jp/images/common/btn-icon/star.svg,https://yuyu-tei.jp/sell/ws/card/osk3.0/10027,2026-09-16T18:22:32.772392+00:00
ws,osk3.0,10028,OSK/S133-028,Happy White Day アクア,,near_mint,120,,,False,,,In Stock,https://cdn.yuyu-tei.jp/images/common/btn-icon/star.svg,https://yuyu-tei.jp/sell/ws/card/osk3.0/10028,2026-09-16T18:22:32.772395+00:00
ws,osk3.0,10029,OSK/S133-029,Happy New Year アイ,,near_mint,180,,,False,,,In Stock,https://cdn.yuyu-tei.jp/images/common/btn-icon/star.svg,https://yuyu-tei.jp/sell/ws/card/osk3.0/10029,2026-09-16T18:22:32.772398+00:00
ws,osk3.0,10030,OSK/S133-030,Happy Summer ルビー,,near_mint,180,,,False,,,In Stock,https://cdn.yuyu-tei.jp/images/common/btn-icon/star.svg,https://yuyu-tei.jp/sell/ws/card/osk3.0/10030,2026-09-16T18:22:32.772402+00:00
ws,osk3.0,10061,OSK/S133-061,Happy Valentines Day 黒川あかね,,near_mint,2480,1500,,False,980,,In Stock,https://cdn.yuyu-tei.jp/images/common/btn-icon/star.svg,https://yuyu-tei.jp/sell/ws/card/osk3.0/10061,2026-09-16T18:22:32.772405+00:00
ws,osk3.0,10062,OSK/S133-062,Happy Autumn アクア,,near_mint,220,10,,False,210,,In Stock,https://cdn.yuyu-tei.jp/images/common/btn-icon/star.svg,https://yuyu-tei.jp/sell/ws/card/osk3.0/10062,2026-09-16T18:22:32.772408+00:00
ws,osk3.0,10063,OSK/S133-063,Happy Valentines Day 有馬かな,,near_mint,1280,700,,False,580,,In Stock,https://cdn.yuyu-tei.jp/images/common/btn-icon/star.svg,https://yuyu-tei.jp/sell/ws/card/osk3.0/10063,2026-09-16T18:22:32.772411+00:00
ws,osk3.0,10064,OSK/S133-064,Happy Halloween 黒川あかね,,near_mint,320,20,,False,300,,In Stock,https://cdn.yuyu-tei.jp/images/common/btn-icon/star.svg,https://yuyu-tei.jp/sell/ws/card/osk3.0/10064,2026-09-16T18:22:32.772415+00:00
ws,osk3.0,10003,OSK/S133-003,継続的なバズ MEMちょ,,near_mint,80,,,False,,,In Stock,https://cdn.yuyu-tei.jp/images/common/btn-icon/star.svg,https://yuyu-tei.jp/sell/ws/card/osk3.0/10003,2026-09-16T18:22:32.772418+00:00
ws,osk3.0,10004,OSK/S133-004,夢に向かって ルビー,,near_mint,120,2,,False,118,,In Stock,https://cdn.yuyu-tei.jp/images/common/btn-icon/star.svg,https://yuyu-tei.jp/sell/ws/card/osk3.0/10004,2026-09-16T18:22:32.772421+00:00
ws,osk3.0,10005,OSK/S133-005,私の生きる道 有馬かな,,near_mint,80,,,False,,,In Stock,https://cdn.yuyu-tei.jp/images/common/btn-icon/star.svg,https://yuyu-tei.jp/sell/ws/card/osk3.0/10005,2026-09-16T18:22:32.772424+00:00
ws,osk3.0,10006,OSK/S133-006,バーンして！ MEMちょ,,near_mint,80,,,False,,,In Stock,https://cdn.yuyu-tei.jp/images/common/btn-icon/star.svg,https://yuyu-tei.jp/sell/ws/card/osk3.0/10006,2026-09-16T18:22:32.772427+00:00
ws,osk3.0,10007,OSK/S133-007,暑いわね… 有馬かな,,near_mint,80,,,False,,,In Stock,https://cdn.yuyu-tei.jp/images/common/btn-icon/star.svg,https://yuyu-tei.jp/sell/ws/card/osk3.0/10007,2026-09-16T18:22:32.772431+00:00
ws,osk3.0,10031,OSK/S133-031,伝説のアイドル アイ,,near_mint,80,,,False,,,In Stock,https://cdn.yuyu-tei.jp/images/common/btn-icon/star.svg,https://yuyu-tei.jp/sell/ws/card/osk3.0/10031,2026-09-16T18:22:32.772434+00:00
ws,osk3.0,10032,OSK/S133-032,見失った復讐心 アクア,,near_mint,80,,,False,,,In Stock,https://cdn.yuyu-tei.jp/images/common/btn-icon/star.svg,https://yuyu-tei.jp/sell/ws/card/osk3.0/10032,2026-09-16T18:22:32.772437+00:00
ws,osk3.0,10033,OSK/S133-033,あの時の言葉 ルビー,,near_mint,80,,,False,,,In Stock,https://cdn.yuyu-tei.jp/images/common/btn-icon/star.svg,https://yuyu-tei.jp/sell/ws/card/osk3.0/10033,2026-09-16T18:22:32.772441+00:00
ws,osk3.0,10034,OSK/S133-034,必要な事 アクア,,near_mint,80,,,False,,,In Stock,https://cdn.yuyu-tei.jp/images/common/btn-icon/star.svg,https://yuyu-tei.jp/sell/ws/card/osk3.0/10034,2026-09-16T18:22:32.772444+00:00
ws,osk3.0,10035,OSK/S133-035,サマーライブ アイ,,near_mint,80,,,False,,,In Stock,https://cdn.yuyu-tei.jp/images/common/btn-icon/star.svg,https://yuyu-tei.jp/sell/ws/card/osk3.0/10035,2026-09-16T18:22:32.772447+00:00
ws,osk3.0,10036,OSK/S133-036,クールに輝く3つの光 アクア,,near_mint,80,,,False,,,In Stock,https://cdn.yuyu-tei.jp/images/common/btn-icon/star.svg,https://yuyu-tei.jp/sell/ws/card/osk3.0/10036,2026-09-16T18:22:32.772450+00:00
ws,osk3.0,10037,OSK/S133-037,芽生えた復讐心 ルビー,,near_mint,120,2,,False,118,,In Stock,https://cdn.yuyu-tei.jp/images/common/btn-icon/star.svg,https://yuyu-tei.jp/sell/ws/card/osk3.0/10037,2026-09-16T18:22:32.772454+00:00
ws,osk3.0,10065,OSK/S133-065,幸せなワンショット 黒川あかね,,near_mint,80,,,False,,,In Stock,https://cdn.yuyu-tei.jp/images/common/btn-icon/star.svg,https://yuyu-tei.jp/sell/ws/card/osk3.0/10065,2026-09-16T18:22:32.772457+00:00
ws,osk3.0,10066,OSK/S133-066,主演の行方 アクア,,near_mint,120,,,False,,,In Stock,https://cdn.yuyu-tei.jp/images/common/btn-icon/star.svg,https://yuyu-tei.jp/sell/ws/card/osk3.0/10066,2026-09-16T18:22:32.772460+00:00
ws,osk3.0,10067,OSK/S133-067,人気女優 黒川あかね,,near_mint,120,2,,False,118,,In Stock,https://cdn.yuyu-tei.jp/images/common/btn-icon/star.svg,https://yuyu-tei.jp/sell/ws/card/osk3.0/10067,2026-09-16T18:22:32.772464+00:00
ws,osk3.0,10068,OSK/S133-068,外連味ある演技 不知火フリル,,near_mint,120,2,,False,118,,In Stock,https://cdn.yuyu-tei.jp/images/common/btn-icon/star.svg,https://yuyu-tei.jp/sell/ws/card/osk3.0/10068,2026-09-16T18:22:32.772467+00:00
ws,osk3.0,10069,OSK/S133-069,積み重ねた研究 黒川あかね,,near_mint,80,,,False,,,In Stock,https://cdn.yuyu-tei.jp/images/common/btn-icon/star.svg,https://yuyu-tei.jp/sell/ws/card/osk3.0/10069,2026-09-16T18:22:32.772470+00:00
ws,osk3.0,10070,OSK/S133-070,"""嘘""の再現 黒川あかね",,near_mint,80,,,False,,,In Stock,https://cdn.yuyu-tei.jp/images/common/btn-icon/star.svg,https://yuyu-tei.jp/sell/ws/card/osk3.0/10070,2026-09-16T18:22:32.772473+00:00
ws,osk3.0,10071,OSK/S133-071,出演交渉 アクア,,near_mint,80,,,False,,,In Stock,https://cdn.yuyu-tei.jp/images/common/btn-icon/star.svg,https://yuyu-tei.jp/sell/ws/card/osk3.0/10071,2026-09-16T18:22:32.772477+00:00
ws,osk3.0,10072,OSK/S133-072,トップスターの悩み 不知火フリル,,near_mint,80,,,False,,,In Stock,https://cdn.yuyu-tei.jp/images/common/btn-icon/star.svg,https://yuyu-tei.jp/sell/ws/card/osk3.0/10072,2026-09-16T18:22:32.772480+00:00
ws,osk3.0,10095,OSK/S133-095,個人間オーディション,,near_mint,120,2,,False,118,,In Stock,https://cdn.yuyu-tei.jp/images/common/btn-icon/star.svg,https://yuyu-tei.jp/sell/ws/card/osk3.0/10095,2026-09-16T18:22:32.772483+00:00
ws,osk3.0,10096,OSK/S133-096,スキャンダル,,near_mint,80,,,False,,,In Stock,https://cdn.yuyu-tei.jp/images/common/btn-icon/star.svg,https://yuyu-tei.jp/sell/ws/card/osk3.0/10096,2026-09-16T18:22:32.772486+00:00
ws,osk3.0,10008,OSK/S133-008,雨夜のすれ違い 有馬かな,,near_mint,50,,,False,,,In Stock,https://cdn.yuyu-tei.jp/images/common/btn-icon/star.svg,https://yuyu-tei.jp/sell/ws/card/osk3.0/10008,2026-09-16T18:22:32.772490+00:00
ws,osk3.0,10009,OSK/S133-009,番組AD 吉住シュン,,near_mint,50,,,False,,,In Stock,https://cdn.yuyu-tei.jp/images/common/btn-icon/star.svg,https://yuyu-tei.jp/sell/ws/card/osk3.0/10009,2026-09-16T18:22:32.772493+00:00
ws,osk3.0,10010,OSK/S133-010,突然の取材 有馬かな,,near_mint,50,,,False,,,In Stock,https://cdn.yuyu-tei.jp/images/common/btn-icon/star.svg,https://yuyu-tei.jp/sell/ws/card/osk3.0/10010,2026-09-16T18:22:32.772497+00:00
ws,osk3.0,10011,OSK/S133-011,Bのリベンジ MEMちょ,,near_mint,50,,,False,,,In Stock,https://cdn.yuyu-tei.jp/images/common/btn-icon/star.svg,https://yuyu-tei.jp/sell/ws/card/osk3.0/10011,2026-09-16T18:22:32.772500+00:00
ws,osk3.0,10012,OSK/S133-012,Bのリベンジ ルビー,,near_mint,50,,,False,,,In Stock,https://cdn.yuyu-tei.jp/images/common/btn-icon/star.svg,https://yuyu-tei.jp/sell/ws/card/osk3.0/10012,2026-09-16T18:22:32.772503+00:00
ws,osk3.0,10013,OSK/S133-013,"""合理的じゃない""MEMちょ",,near_mint,50,,,False,,,In Stock,https://cdn.yuyu-tei.jp/images/common/btn-icon/star.svg,https://yuyu-tei.jp/sell/ws/card/osk3.0/10013,2026-09-16T18:22:32.772507+00:00
ws,osk3.0,10014,OSK/S133-014,激バズシャッターチャンス！ MEMちょ,,near_mint,50,,,False,,,In Stock,https://cdn.yuyu-tei.jp/images/common/btn-icon/star.svg,https://yuyu-tei.jp/sell/ws/card/osk3.0/10014,2026-09-16T18:22:32.772510+00:00
ws,osk3.0,10038,OSK/S133-038,出演交渉 ルビー,,near_mint,50,,,False,,,In Stock,https://cdn.yuyu-tei.jp/images/common/btn-icon/star.svg,https://yuyu-tei.jp/sell/ws/card/osk3.0/10038,2026-09-16T18:22:32.772513+00:00
ws,osk3.0,10039,OSK/S133-039,"""誰もが皆嘘をついている""ルビー",,near_mint,50,,,False,,,In Stock,https://cdn.yuyu-tei.jp/images/common/btn-icon/star.svg,https://yuyu-tei.jp/sell/ws/card/osk3.0/10039,2026-09-16T18:22:32.772517+00:00
ws,osk3.0,10040,OSK/S133-040,最悪のバーター記事 アクア,,near_mint,50,,,False,,,In Stock,https://cdn.yuyu-tei.jp/images/common/btn-icon/star.svg,https://yuyu-tei.jp/sell/ws/card/osk3.0/10040,2026-09-16T18:22:32.772520+00:00
ws,osk3.0,10041,OSK/S133-041,にゃーごろごろにゃー ルビー,,near_mint,50,,,False,,,In Stock,https://cdn.yuyu-tei.jp/images/common/btn-icon/star.svg,https://yuyu-tei.jp/sell/ws/card/osk3.0/10041,2026-09-16T18:22:32.772523+00:00
ws,osk3.0,10042,OSK/S133-042,動画撮影 ルビー,,near_mint,50,,,False,,,In Stock,https://cdn.yuyu-tei.jp/images/common/btn-icon/star.svg,https://yuyu-tei.jp/sell/ws/card/osk3.0/10042,2026-09-16T18:22:32.772527+00:00
ws,osk3.0,10043,OSK/S133-043,私達の夢 ルビー,,near_mint,50,,,False,,,In Stock,https://cdn.yuyu-tei.jp/images/common/btn-icon/star.svg,https://yuyu-tei.jp/sell/ws/card/osk3.0/10043,2026-09-16T18:22:32.772530+00:00
ws,osk3.0,10044,OSK/S133-044,再会 ルビー,,near_mint,50,,,False,,,In Stock,https://cdn.yuyu-tei.jp/images/common/btn-icon/star.svg,https://yuyu-tei.jp/sell/ws/card/osk3.0/10044,2026-09-16T18:22:32.772533+00:00
ws,osk3.0,10045,OSK/S133-045,夕暮れの作戦会議 斉藤壱護,,near_mint,50,,,False,,,In Stock,https://cdn.yuyu-tei.jp/images/common/btn-icon/star.svg,https://yuyu-tei.jp/sell/ws/card/osk3.0/10045,2026-09-16T18:22:32.772537+00:00
ws,osk3.0,10046,OSK/S133-046,望ましい事 ツクヨミ,,near_mint,50,,,False,,,In Stock,https://cdn.yuyu-tei.jp/images/common/btn-icon/star.svg,https://yuyu-tei.jp/sell/ws/card/osk3.0/10046,2026-09-16T18:22:32.772540+00:00
ws,osk3.0,10056,OSK/S133-056,暴かれた過去,,near_mint,50,,,False,,,In Stock,https://cdn.yuyu-tei.jp/images/common/btn-icon/star.svg,https://yuyu-tei.jp/sell/ws/card/osk3.0/10056,2026-09-16T18:22:32.772544+00:00
ws,osk3.0,10073,OSK/S133-073,交差する思惑 黒川あかね,,near_mint,50,,,False,,,In Stock,https://cdn.yuyu-tei.jp/images/common/btn-icon/star.svg,https://yuyu-tei.jp/sell/ws/card/osk3.0/10073,2026-09-16T18:22:32.772547+00:00
ws,osk3.0,10074,OSK/S133-074,気まずい状況 黒川あかね,,near_mint,50,,,False,,,In Stock,https://cdn.yuyu-tei.jp/images/common/btn-icon/star.svg,https://yuyu-tei.jp/sell/ws/card/osk3.0/10074,2026-09-16T18:22:32.772550+00:00
ws,osk3.0,10075,OSK/S133-075,もう1回！ ルビー,,near_mint,50,,,False,,,In Stock,https://cdn.yuyu-tei.jp/images/common/btn-icon/star.svg,https://yuyu-tei.jp/sell/ws/card/osk3.0/10075,2026-09-16T18:22:32.772554+00:00
ws,osk3.0,10076,OSK/S133-076,これから選ぶ道 アクア,,near_mint,50,,,False,,,In Stock,https://cdn.yuyu-tei.jp/images/common/btn-icon/star.svg,https://yuyu-tei.jp/sell/ws/card/osk3.0/10076,2026-09-16T18:22:32.772557+00:00
ws,osk3.0,10077,OSK/S133-077,決裂 黒川あかね,,near_mint,50,,,False,,,In Stock,https://cdn.yuyu-tei.jp/images/common/btn-icon/star.svg,https://yuyu-tei.jp/sell/ws/card/osk3.0/10077,2026-09-16T18:22:32.772563+00:00
ws,osk3.0,10078,OSK/S133-078,推せる内に 有馬かな,,near_mint,50,,,False,,,In Stock,https://cdn.yuyu-tei.jp/images/common/btn-icon/star.svg,https://yuyu-tei.jp/sell/ws/card/osk3.0/10078,2026-09-16T18:22:32.772566+00:00
ws,osk3.0,10079,OSK/S133-079,作品への情熱 五反田泰志,,near_mint,50,,,False,,,In Stock,https://cdn.yuyu-tei.jp/images/common/btn-icon/star.svg,https://yuyu-tei.jp/sell/ws/card/osk3.0/10079,2026-09-16T18:22:32.772570+00:00
ws,osk3.0,10080,OSK/S133-080,CM撮影 黒川あかね,,near_mint,50,,,False,,,In Stock,https://cdn.yuyu-tei.jp/images/common/btn-icon/star.svg,https://yuyu-tei.jp/sell/ws/card/osk3.0/10080,2026-09-16T18:22:32.772573+00:00
ws,osk3.0,10081,OSK/S133-081,白の花束と 黒川あかね,,near_mint,50,,,False,,,In Stock,https://cdn.yuyu-tei.jp/images/common/btn-icon/star.svg,https://yuyu-tei.jp/sell/ws/card/osk3.0/10081,2026-09-16T18:22:32.772576+00:00
ws,osk3.0,10082,OSK/S133-082,隠してきた激情 ルビー,,near_mint,50,,,False,,,In Stock,https://cdn.yuyu-tei.jp/images/common/btn-icon/star.svg,https://yuyu-tei.jp/sell/ws/card/osk3.0/10082,2026-09-16T18:22:32.772580+00:00
ws,osk3.0,10083,OSK/S133-083,オーディションの目的 不知火フリル,,near_mint,50,,,False,,,In Stock,https://cdn.yuyu-tei.jp/images/common/btn-icon/star.svg,https://yuyu-tei.jp/sell/ws/card/osk3.0/10083,2026-09-16T18:22:32.772583+00:00
ws,osk3.0,10015,OSK/S133-015,コスプレイヤー 吉住未実,,near_mint,30,,,False,,,In Stock,https://cdn.yuyu-tei.jp/images/common/btn-icon/star.svg,https://yuyu-tei.jp/sell/ws/card/osk3.0/10015,2026-09-16T18:22:32.772587+00:00
ws,osk3.0,10016,OSK/S133-016,夜明けに見せた隙 有馬かな,,near_mint,30,,,False,,,In Stock,https://cdn.yuyu-tei.jp/images/common/btn-icon/star.svg,https://yuyu-tei.jp/sell/ws/card/osk3.0/10016,2026-09-16T18:22:32.772590+00:00
ws,osk3.0,10017,OSK/S133-017,いたたまれない状況 MEMちょ,,near_mint,30,,,False,,,In Stock,https://cdn.yuyu-tei.jp/images/common/btn-icon/star.svg,https://yuyu-tei.jp/sell/ws/card/osk3.0/10017,2026-09-16T18:22:32.772593+00:00
ws,osk3.0,10018,OSK/S133-018,軌道に乗った配信活動 MEMちょ,,near_mint,30,,,False,,,In Stock,https://cdn.yuyu-tei.jp/images/common/btn-icon/star.svg,https://yuyu-tei.jp/sell/ws/card/osk3.0/10018,2026-09-16T18:22:32.772596+00:00
ws,osk3.0,10019,OSK/S133-019,コスプレイヤー メイヤ,,near_mint,30,,,False,,,In Stock,https://cdn.yuyu-tei.jp/images/common/btn-icon/star.svg,https://yuyu-tei.jp/sell/ws/card/osk3.0/10019,2026-09-16T18:22:32.772600+00:00
ws,osk3.0,10020,OSK/S133-020,Bのリベンジ 有馬かな,,near_mint,30,,,False,,,In Stock,https://cdn.yuyu-tei.jp/images/common/btn-icon/star.svg,https://yuyu-tei.jp/sell/ws/card/osk3.0/10020,2026-09-16T18:22:32.772603+00:00
ws,osk3.0,10021,OSK/S133-021,忘れられないアイツ 有馬かな,,near_mint,30,,,False,,,In Stock,https://cdn.yuyu-tei.jp/images/common/btn-icon/star.svg,https://yuyu-tei.jp/sell/ws/card/osk3.0/10021,2026-09-16T18:22:32.772606+00:00
ws,osk3.0,10022,OSK/S133-022,Bのリベンジ,,near_mint,30,,,False,,,In Stock,https://cdn.yuyu-tei.jp/images/common/btn-icon/star.svg,https://yuyu-tei.jp/sell/ws/card/osk3.0/10022,2026-09-16T18:22:32.772610+00:00
ws,osk3.0,10047,OSK/S133-047,モデル撮影 ルビー,,near_mint,30,,,False,,,In Stock,https://cdn.yuyu-tei.jp/images/common/btn-icon/star.svg,https://yuyu-tei.jp/sell/ws/card/osk3.0/10047,2026-09-16T18:22:32.772613+00:00
ws,osk3.0,10048,OSK/S133-048,スケジュール調整 斉藤ミヤコ,,near_mint,30,,,False,,,In Stock,https://cdn.yuyu-tei.jp/images/common/btn-icon/star.svg,https://yuyu-tei.jp/sell/ws/card/osk3.0/10048,2026-09-16T18:22:32.772616+00:00
ws,osk3.0,10049,OSK/S133-049,深掘れ☆ワンチャン‼ ルビー,,near_mint,30,,,False,,,In Stock,https://cdn.yuyu-tei.jp/images/common/btn-icon/star.svg,https://yuyu-tei.jp/sell/ws/card/osk3.0/10049,2026-09-16T18:22:32.772619+00:00
ws,osk3.0,10050,OSK/S133-050,仲直り アクア＆ルビー,,near_mint,30,,,False,,,In Stock,https://cdn.yuyu-tei.jp/images/common/btn-icon/star.svg,https://yuyu-tei.jp/sell/ws/card/osk3.0/10050,2026-09-16T18:22:32.772623+00:00
ws,osk3.0,10051,OSK/S133-051,凶星 カミキヒカル,,near_mint,30,,,False,,,In Stock,https://cdn.yuyu-tei.jp/images/common/btn-icon/star.svg,https://yuyu-tei.jp/sell/ws/card/osk3.0/10051,2026-09-16T18:22:32.772626+00:00
ws,osk3.0,10052,OSK/S133-052,全部分かった ルビー,,near_mint,30,,,False,,,In Stock,https://cdn.yuyu-tei.jp/images/common/btn-icon/star.svg,https://yuyu-tei.jp/sell/ws/card/osk3.0/10052,2026-09-16T18:22:32.772629+00:00
ws,osk3.0,10053,OSK/S133-053,ブラック事務所！ ルビー,,near_mint,30,,,False,,,In Stock,https://cdn.yuyu-tei.jp/images/common/btn-icon/star.svg,https://yuyu-tei.jp/sell/ws/card/osk3.0/10053,2026-09-16T18:22:32.772632+00:00
ws,osk3.0,10054,OSK/S133-054,再会 アクア,,near_mint,30,,,False,,,In Stock,https://cdn.yuyu-tei.jp/images/common/btn-icon/star.svg,https://yuyu-tei.jp/sell/ws/card/osk3.0/10054,2026-09-16T18:22:32.772636+00:00
ws,osk3.0,10055,OSK/S133-055,"""君を推す""アクア",,near_mint,30,,,False,,,In Stock,https://cdn.yuyu-tei.jp/images/common/btn-icon/star.svg,https://yuyu-tei.jp/sell/ws/card/osk3.0/10055,2026-09-16T18:22:32.772639+00:00
ws,osk3.0,10084,OSK/S133-084,浮かんだ疑念 アクア,,near_mint,30,,,False,,,In Stock,https://cdn.yuyu-tei.jp/images/common/btn-icon/star.svg,https://yuyu-tei.jp/sell/ws/card/osk3.0/10084,2026-09-16T18:22:32.772642+00:00
ws,osk3.0,10085,OSK/S133-085,CM撮影 有馬かな,,near_mint,30,,,False,,,In Stock,https://cdn.yuyu-tei.jp/images/common/btn-icon/star.svg,https://yuyu-tei.jp/sell/ws/card/osk3.0/10085,2026-09-16T18:22:32.772646+00:00
ws,osk3.0,10086,OSK/S133-086,静かな怒り 不知火フリル,,near_mint,30,,,False,,,In Stock,https://cdn.yuyu-tei.jp/images/common/btn-icon/star.svg,https://yuyu-tei.jp/sell/ws/card/osk3.0/10086,2026-09-16T18:22:32.772649+00:00
ws,osk3.0,10087,OSK/S133-087,同級生 寿みなみ,,near_mint,30,,,False,,,In Stock,https://cdn.yuyu-tei.jp/images/common/btn-icon/star.svg,https://yuyu-tei.jp/sell/ws/card/osk3.0/10087,2026-09-16T18:22:32.772652+00:00
ws,osk3.0,10088,OSK/S133-088,15年の嘘 アクア,,near_mint,30,,,False,,,In Stock,https://cdn.yuyu-tei.jp/images/common/btn-icon/star.svg,https://yuyu-tei.jp/sell/ws/card/osk3.0/10088,2026-09-16T18:22:32.772656+00:00
ws,osk3.0,10089,OSK/S133-089,マルチタレント アクア,,near_mint,30,,,False,,,In Stock,https://cdn.yuyu-tei.jp/images/common/btn-icon/star.svg,https://yuyu-tei.jp/sell/ws/card/osk3.0/10089,2026-09-16T18:22:32.772659+00:00
ws,osk3.0,10090,OSK/S133-090,相合傘 黒川あかね,,near_mint,30,,,False,,,In Stock,https://cdn.yuyu-tei.jp/images/common/btn-icon/star.svg,https://yuyu-tei.jp/sell/ws/card/osk3.0/10090,2026-09-16T18:22:32.772662+00:00
ws,osk3.0,10091,OSK/S133-091,夜半の決意 有馬かな,,near_mint,30,,,False,,,In Stock,https://cdn.yuyu-tei.jp/images/common/btn-icon/star.svg,https://yuyu-tei.jp/sell/ws/card/osk3.0/10091,2026-09-16T18:22:32.772665+00:00
ws,osk3.0,10092,OSK/S133-092,新人俳優賞 黒川あかね,,near_mint,30,,,False,,,In Stock,https://cdn.yuyu-tei.jp/images/common/btn-icon/star.svg,https://yuyu-tei.jp/sell/ws/card/osk3.0/10092,2026-09-16T18:22:32.772668+00:00
ws,osk3.0,10093,OSK/S133-093,決裂 アクア,,near_mint,30,,,False,,,In Stock,https://cdn.yuyu-tei.jp/images/common/btn-icon/star.svg,https://yuyu-tei.jp/sell/ws/card/osk3.0/10093,2026-09-16T18:22:32.772672+00:00
ws,osk3.0,10094,OSK/S133-094,久々のオフ 黒川あかね,,near_mint,30,,,False,,,In Stock,https://cdn.yuyu-tei.jp/images/common/btn-icon/star.svg,https://yuyu-tei.jp/sell/ws/card/osk3.0/10094,2026-09-16T18:22:32.772675+00:00
ws,osk3.0,10023,OSK/S133-023,思わせぶりな行為,,near_mint,50,,,False,,,In Stock,https://cdn.yuyu-tei.jp/images/common/btn-icon/star.svg,https://yuyu-tei.jp/sell/ws/card/osk3.0/10023,2026-09-16T18:22:32.772678+00:00
ws,osk3.0,10024,OSK/S133-024,友達のために出来る事,,near_mint,30,,,False,,,In Stock,https://cdn.yuyu-tei.jp/images/common/btn-icon/star.svg,https://yuyu-tei.jp/sell/ws/card/osk3.0/10024,2026-09-16T18:22:32.772682+00:00
ws,osk3.0,10025,OSK/S133-025,振り払われた手,,near_mint,30,,,False,,,In Stock,https://cdn.yuyu-tei.jp/images/common/btn-icon/star.svg,https://yuyu-tei.jp/sell/ws/card/osk3.0/10025,2026-09-16T18:22:32.772685+00:00
ws,osk3.0,10026,OSK/S133-026,涙の意味,,near_mint,30,,,False,,,In Stock,https://cdn.yuyu-tei.jp/images/common/btn-icon/star.svg,https://yuyu-tei.jp/sell/ws/card/osk3.0/10026,2026-09-16T18:22:32.772688+00:00
ws,osk3.0,10057,OSK/S133-057,再び堕つ星,,near_mint,50,,,False,,,In Stock,https://cdn.yuyu-tei.jp/images/common/btn-icon/star.svg,https://yuyu-tei.jp/sell/ws/card/osk3.0/10057,2026-09-16T18:22:32.772692+00:00
ws,osk3.0,10058,OSK/S133-058,"""嘘吐き""ルビー",,near_mint,50,,,False,,,In Stock,https://cdn.yuyu-tei.jp/images/common/btn-icon/star.svg,https://yuyu-tei.jp/sell/ws/card/osk3.0/10058,2026-09-16T18:22:32.772695+00:00
ws,osk3.0,10059,OSK/S133-059,なんの事？,,near_mint,30,,,False,,,In Stock,https://cdn.yuyu-tei.jp/images/common/btn-icon/star.svg,https://yuyu-tei.jp/sell/ws/card/osk3.0/10059,2026-09-16T18:22:32.772698+00:00
ws,osk3.0,10060,OSK/S133-060,持ち込み企画,,near_mint,30,,,False,,,In Stock,https://cdn.yuyu-tei.jp/images/common/btn-icon/star.svg,https://yuyu-tei.jp/sell/ws/card/osk3.0/10060,2026-09-16T18:22:32.772702+00:00
ws,osk3.0,10097,OSK/S133-097,全てを見抜く瞳,,near_mint,50,,,False,,,In Stock,https://cdn.yuyu-tei.jp/images/common/btn-icon/star.svg,https://yuyu-tei.jp/sell/ws/card/osk3.0/10097,2026-09-16T18:22:32.772705+00:00
ws,osk3.0,10098,OSK/S133-098,トップスター,,near_mint,50,,,False,,,In Stock,https://cdn.yuyu-tei.jp/images/common/btn-icon/star.svg,https://yuyu-tei.jp/sell/ws/card/osk3.0/10098,2026-09-16T18:22:32.772708+00:00
ws,osk3.0,10099,OSK/S133-099,完成した計画,,near_mint,30,,,False,,,In Stock,https://cdn.yuyu-tei.jp/images/common/btn-icon/star.svg,https://yuyu-tei.jp/sell/ws/card/osk3.0/10099,2026-09-16T18:22:32.772711+00:00
ws,osk3.0,10100,OSK/S133-100,ざわめく感情,,near_mint,30,,,False,,,In Stock,https://cdn.yuyu-tei.jp/images/common/btn-icon/star.svg,https://yuyu-tei.jp/sell/ws/card/osk3.0/10100,2026-09-16T18:22:32.772715+00:00
ws,osk3.0,10256,OSK/S133-P01EX,Happy New Year ルビー＆アクア(サイン入り),,near_mint,49800,18000,,False,31800,,In Stock,https://cdn.yuyu-tei.jp/images/common/btn-icon/star.svg,https://yuyu-tei.jp/sell/ws/card/osk3.0/10256,2026-09-16T18:22:32.772718+00:00
ws,osk3.0,10258,OSK/S133-P02EX,双子の撮影 アクア(サイン入り),,near_mint,79800,35000,,False,44800,,In Stock,https://cdn.yuyu-tei.jp/images/common/btn-icon/star.svg,https://yuyu-tei.jp/sell/ws/card/osk3.0/10258,2026-09-16T18:22:32.772721+00:00
ws,osk3.0,10101,OSK/S133-101,思わせぶりな行為,,near_mint,50,2,,False,48,,In Stock,https://cdn.yuyu-tei.jp/images/common/btn-icon/star.svg,https://yuyu-tei.jp/sell/ws/card/osk3.0/10101,2026-09-16T18:22:32.772725+00:00
ws,osk3.0,10102,OSK/S133-101S,思わせぶりな行為(箔押し入り),,near_mint,180,10,,False,170,,In Stock,https://cdn.yuyu-tei.jp/images/common/btn-icon/star.svg,https://yuyu-tei.jp/sell/ws/card/osk3.0/10102,2026-09-16T18:22:32.772728+00:00
ws,osk3.0,10103,OSK/S133-102,友達のために出来る事,,near_mint,50,,,False,,,In Stock,https://cdn.yuyu-tei.jp/images/common/btn-icon/star.svg,https://yuyu-tei.jp/sell/ws/card/osk3.0/10103,2026-09-16T18:22:32.772731+00:00
ws,osk3.0,10104,OSK/S133-102S,友達のために出来る事(箔押し入り),,near_mint,120,2,,False,118,,In Stock,https://cdn.yuyu-tei.jp/images/common/btn-icon/star.svg,https://yuyu-tei.jp/sell/ws/card/osk3.0/10104,2026-09-16T18:22:32.772735+00:00
ws,osk3.0,10105,OSK/S133-103,振り払われた手,,near_mint,50,,,False,,,In Stock,https://cdn.yuyu-tei.jp/images/common/btn-icon/star.svg,https://yuyu-tei.jp/sell/ws/card/osk3.0/10105,2026-09-16T18:22:32.772738+00:00
ws,osk3.0,10106,OSK/S133-103S,振り払われた手(箔押し入り),,near_mint,180,10,,False,170,,In Stock,https://cdn.yuyu-tei.jp/images/common/btn-icon/star.svg,https://yuyu-tei.jp/sell/ws/card/osk3.0/10106,2026-09-16T18:22:32.772742+00:00
ws,osk3.0,10107,OSK/S133-104,涙の意味,,near_mint,50,,,False,,,In Stock,https://cdn.yuyu-tei.jp/images/common/btn-icon/star.svg,https://yuyu-tei.jp/sell/ws/card/osk3.0/10107,2026-09-16T18:22:32.772745+00:00
ws,osk3.0,10108,OSK/S133-104S,涙の意味(箔押し入り),,near_mint,120,,,False,,,In Stock,https://cdn.yuyu-tei.jp/images/common/btn-icon/star.svg,https://yuyu-tei.jp/sell/ws/card/osk3.0/10108,2026-09-16T18:22:32.772748+00:00
ws,osk3.0,10109,OSK/S133-105,再び堕つ星,,near_mint,50,,,False,,,In Stock,https://cdn.yuyu-tei.jp/images/common/btn-icon/star.svg,https://yuyu-tei.jp/sell/ws/card/osk3.0/10109,2026-09-16T18:22:32.772752+00:00
ws,osk3.0,10110,OSK/S133-105S,再び堕つ星(箔押し入り),,near_mint,120,2,,False,118,,In Stock,https://cdn.yuyu-tei.jp/images/common/btn-icon/star.svg,https://yuyu-tei.jp/sell/ws/card/osk3.0/10110,2026-09-16T18:22:32.772755+00:00
ws,osk3.0,10111,OSK/S133-106,"""嘘吐き""ルビー",,near_mint,80,2,,False,78,,In Stock,https://cdn.yuyu-tei.jp/images/common/btn-icon/star.svg,https://yuyu-tei.jp/sell/ws/card/osk3.0/10111,2026-09-16T18:22:32.772758+00:00
ws,osk3.0,10112,OSK/S133-106S,"""嘘吐き""ルビー(箔押し入り)",,near_mint,320,30,,False,290,,In Stock,https://cdn.yuyu-tei.jp/images/common/btn-icon/star.svg,https://yuyu-tei.jp/sell/ws/card/osk3.0/10112,2026-09-16T18:22:32.772762+00:00
ws,osk3.0,10113,OSK/S133-107,なんの事？,,near_mint,50,2,,False,48,,In Stock,https://cdn.yuyu-tei.jp/images/common/btn-icon/star.svg,https://yuyu-tei.jp/sell/ws/card/osk3.0/10113,2026-09-16T18:22:32.772767+00:00
ws,osk3.0,10114,OSK/S133-107S,なんの事？(箔押し入り),,near_mint,180,5,,False,175,,In Stock,https://cdn.yuyu-tei.jp/images/common/btn-icon/star.svg,https://yuyu-tei.jp/sell/ws/card/osk3.0/10114,2026-09-16T18:22:32.772770+00:00
ws,osk3.0,10115,OSK/S133-108,持ち込み企画,,near_mint,50,2,,False,48,,In Stock,https://cdn.yuyu-tei.jp/images/common/btn-icon/star.svg,https://yuyu-tei.jp/sell/ws/card/osk3.0/10115,2026-09-16T18:22:32.772773+00:00
ws,osk3.0,10116,OSK/S133-108S,持ち込み企画(箔押し入り),,near_mint,120,2,,False,118,,In Stock,https://cdn.yuyu-tei.jp/images/common/btn-icon/star.svg,https://yuyu-tei.jp/sell/ws/card/osk3.0/10116,2026-09-16T18:22:32.772777+00:00
ws,osk3.0,10117,OSK/S133-109,全てを見抜く瞳,,near_mint,80,2,,False,78,,In Stock,https://cdn.yuyu-tei.jp/images/common/btn-icon/star.svg,https://yuyu-tei.jp/sell/ws/card/osk3.0/10117,2026-09-16T18:22:32.772780+00:00
ws,osk3.0,10118,OSK/S133-109S,全てを見抜く瞳(箔押し入り),,near_mint,500,150,,False,350,,In Stock,https://cdn.yuyu-tei.jp/images/common/btn-icon/star.svg,https://yuyu-tei.jp/sell/ws/card/osk3.0/10118,2026-09-16T18:22:32.772783+00:00
ws,osk3.0,10119,OSK/S133-110,トップスター,,near_mint,50,3,,False,47,,In Stock,https://cdn.yuyu-tei.jp/images/common/btn-icon/star.svg,https://yuyu-tei.jp/sell/ws/card/osk3.0/10119,2026-09-16T18:22:32.772787+00:00
ws,osk3.0,10120,OSK/S133-110S,トップスター(箔押し入り),,near_mint,220,20,,False,200,,In Stock,https://cdn.yuyu-tei.jp/images/common/btn-icon/star.svg,https://yuyu-tei.jp/sell/ws/card/osk3.0/10120,2026-09-16T18:22:32.772790+00:00
ws,osk3.0,10121,OSK/S133-111,完成した計画,,near_mint,50,,,False,,,In Stock,https://cdn.yuyu-tei.jp/images/common/btn-icon/star.svg,https://yuyu-tei.jp/sell/ws/card/osk3.0/10121,2026-09-16T18:22:32.772793+00:00
ws,osk3.0,10122,OSK/S133-111S,完成した計画(箔押し入り),,near_mint,120,,,False,,,In Stock,https://cdn.yuyu-tei.jp/images/common/btn-icon/star.svg,https://yuyu-tei.jp/sell/ws/card/osk3.0/10122,2026-09-16T18:22:32.772797+00:00
ws,osk3.0,10123,OSK/S133-112,ざわめく感情,,near_mint,50,2,,False,48,,In Stock,https://cdn.yuyu-tei.jp/images/common/btn-icon/star.svg,https://yuyu-tei.jp/sell/ws/card/osk3.0/10123,2026-09-16T18:22:32.772800+00:00
ws,osk3.0,10124,OSK/S133-112S,ざわめく感情(箔押し入り),,near_mint,120,,,False,,,In Stock,https://cdn.yuyu-tei.jp/images/common/btn-icon/star.svg,https://yuyu-tei.jp/sell/ws/card/osk3.0/10124,2026-09-16T18:22:32.772803+00:00
ws,osk3.0,10125,OSK/S133-113S,Merry Christmas 有馬かな(箔押し入り),,near_mint,1480,700,,False,780,,In Stock,https://cdn.yuyu-tei.jp/images/common/btn-icon/star.svg,https://yuyu-tei.jp/sell/ws/card/osk3.0/10125,2026-09-16T18:22:32.772807+00:00
ws,osk3.0,10126,OSK/S133-114S,Happy Spring Day MEMちょ(箔押し入り),,near_mint,320,100,,False,220,,In Stock,https://cdn.yuyu-tei.jp/images/common/btn-icon/star.svg,https://yuyu-tei.jp/sell/ws/card/osk3.0/10126,2026-09-16T18:22:32.772810+00:00
ws,osk3.0,10127,OSK/S133-115S,Happy Autumn ルビー(箔押し入り),,near_mint,500,200,,False,300,,In Stock,https://cdn.yuyu-tei.jp/images/common/btn-icon/star.svg,https://yuyu-tei.jp/sell/ws/card/osk3.0/10127,2026-09-16T18:22:32.772813+00:00
ws,osk3.0,10128,OSK/S133-116S,Happy White Day アクア(箔押し入り),,near_mint,220,20,,False,200,,In Stock,https://cdn.yuyu-tei.jp/images/common/btn-icon/star.svg,https://yuyu-tei.jp/sell/ws/card/osk3.0/10128,2026-09-16T18:22:32.772817+00:00
ws,osk3.0,10129,OSK/S133-117S,Happy New Year アイ(箔押し入り),,near_mint,320,100,,False,220,,In Stock,https://cdn.yuyu-tei.jp/images/common/btn-icon/star.svg,https://yuyu-tei.jp/sell/ws/card/osk3.0/10129,2026-09-16T18:22:32.772821+00:00
ws,osk3.0,10130,OSK/S133-118S,Happy Summer ルビー(箔押し入り),,near_mint,500,200,,False,300,,In Stock,https://cdn.yuyu-tei.jp/images/common/btn-icon/star.svg,https://yuyu-tei.jp/sell/ws/card/osk3.0/10130,2026-09-16T18:22:32.772824+00:00
ws,osk3.0,10131,OSK/S133-119S,Happy Valentines Day 黒川あかね(箔押し入り),,near_mint,3480,1200,,False,2280,,In Stock,https://cdn.yuyu-tei.jp/images/common/btn-icon/star.svg,https://yuyu-tei.jp/sell/ws/card/osk3.0/10131,2026-09-16T18:22:32.772827+00:00
ws,osk3.0,10132,OSK/S133-120S,Happy Autumn アクア(箔押し入り),,near_mint,320,100,,False,220,,In Stock,https://cdn.yuyu-tei.jp/images/common/btn-icon/star.svg,https://yuyu-tei.jp/sell/ws/card/osk3.0/10132,2026-09-16T18:22:32.772830+00:00
ws,osk3.0,10133,OSK/S133-121S,Happy Valentines Day 有馬かな(箔押し入り),,near_mint,1780,1000,,False,780,,In Stock,https://cdn.yuyu-tei.jp/images/common/btn-icon/star.svg,https://yuyu-tei.jp/sell/ws/card/osk3.0/10133,2026-09-16T18:22:32.772834+00:00
ws,osk3.0,10134,OSK/S133-122S,Happy Halloween 黒川あかね(箔押し入り),,near_mint,680,300,,False,380,,In Stock,https://cdn.yuyu-tei.jp/images/common/btn-icon/star.svg,https://yuyu-tei.jp/sell/ws/card/osk3.0/10134,2026-09-16T18:22:32.772837+00:00
ws,osk3.0,10254,OSK/S133-P01,Happy New Year ルビー＆アクア,,near_mint,500,100,,False,400,,In Stock,https://cdn.yuyu-tei.jp/images/common/btn-icon/star.svg,https://yuyu-tei.jp/sell/ws/card/osk3.0/10254,2026-09-16T18:22:32.772840+00:00
ws,osk3.0,10255,OSK/S133-P01S,Happy New Year ルビー＆アクア(箔押し入り),,near_mint,980,300,,False,680,,In Stock,https://cdn.yuyu-tei.jp/images/common/btn-icon/star.svg,https://yuyu-tei.jp/sell/ws/card/osk3.0/10255,2026-09-16T18:22:32.772844+00:00
ws,osk3.0,10257,OSK/S133-P02S,双子の撮影 アクア(箔押し入り),,near_mint,3980,1800,,False,2180,,In Stock,https://cdn.yuyu-tei.jp/images/common/btn-icon/star.svg,https://yuyu-tei.jp/sell/ws/card/osk3.0/10257,2026-09-16T18:22:32.772847+00:00
